Student ID,First name,Last name,Gender,Date of birth,Classname,Country
576089,Jimmy,Herzog,Female,27/02/1985,5203004,Zambia
528193,Lelah,Hickle,Female,26/09/1983,5203002,Panama
580365,Marc,Gleason,Female,11/02/1983,5203001,Azerbaijan
564255,Marietta,Wuckert,Female,30/01/1983,5203001,Montenegro
520075,Amir,Paucek,Female,08/06/1986,5203002,Monaco
542492,Karine,Buckridge,Male,01/11/1982,5203003,Poland
524985,Abbigail,Roberts,Female,15/01/1983,5203001,Nigeria
549335,Esta,Rolfson,Male,02/03/1980,5203003,Bahrain
537267,Edyth,Marquardt,Female,11/02/1981,5203004,Montenegro
501854,Shannon,Wilkinson,Male,20/07/1980,5203003,Panama
510079,Heath,Deckow,Female,26/03/1985,5203004,China
512776,Ethel,Zieme,Male,26/01/1986,5203002,Nigeria
538679,Susan,Bradtke,Male,15/08/1983,5203002,Greenland
520969,Margaret,Brekke,Male,15/04/1984,5203001,Austria
548125,Eileen,Hand,Female,27/04/1980,5203004,Eritrea
511111,Melyna,Jakubowski,Female,17/04/1985,5203001,Chile
531468,May,Ferry,Male,28/02/1984,5203003,Poland
526730,Margarett,Jaskolski,Male,31/01/1984,5203002,Nigeria
570635,Bobby,White,Male,27/01/1982,5203001,Uzbekistan
577601,Hobart,Kassulke,Male,17/03/1983,5203004,Sweden
564035,Heath,Deckow,Male,08/06/1984,5203003,Mexico
588700,Dora,Schulist,Female,06/11/1983,5203003,Azerbaijan
584305,Maureen,Jakubowski,Male,29/10/1986,5203004,Sweden
565517,Brock,Fahey,Male,05/02/1984,5203002,Chile
519927,Jazmyne,Harber,Female,19/02/1981,5203004,Montenegro
530784,Brice,Mraz,Male,03/09/1982,5203003,Sweden
505275,Augustine,Turner,Female,03/09/1980,5203001,Eritrea
593903,Ashleigh,Reynolds,Male,02/06/1983,5203003,Nigeria
546550,Maureen,White,Male,21/05/1987,5203003,Nigeria
587060,Daphney,Will,Female,26/05/1982,5203002,Canada
523603,Dagmar,Turcotte,Male,12/07/1985,5203001,Poland
513458,Waylon,Borer,Female,01/02/1984,5203003,Greenland
566130,Eugene,Strosin,Female,14/12/1983,5203002,Ethiopia
530367,Tanya,Nitzsche,Male,28/03/1983,5203002,Nigeria
579073,Leonora,Carroll,Female,03/07/1983,5203002,Azerbaijan
526982,Romaine,Pacocha,Male,09/05/1980,5203001,Monaco
584028,Nettie,Gottlieb,Female,24/01/1988,5203004,Ethiopia
582871,Raina,Dietrich,Male,24/05/1983,5203004,Sweden
534507,Ellis,Gerhold,Male,06/05/1987,5203002,Indonesia
595991,Elsa,Jaskolski,Male,28/05/1986,5203003,Austria
548642,Eliseo,Gleichner,Female,22/10/1981,5203002,Eritrea
521158,Mandy,Murphy,Female,22/12/1987,5203004,Singapore
575011,Kiara,Grant,Male,19/05/1984,5203001,Montenegro
561950,Margret,Schneider,Male,22/10/1983,5203001,Canada
552459,Brain,Lynch,Male,24/02/1981,5203004,Zambia
517369,Darrell,Bahringer,Female,27/06/1981,5203003,Nigeria
525067,Kristopher,Lueilwitz,Male,23/01/1987,5203001,Chile
502844,Kathryne,Collins,Male,05/08/1980,5203002,Uzbekistan
512737,Jacques,Gusikowski,Male,20/11/1985,5203001,Indonesia
506800,Malcolm,Adams,Female,27/02/1982,5203003,Monaco
546075,Elsa,Jaskolski,Male,19/04/1980,5203003,Eritrea
585363,Laila,OReilly,Male,24/10/1985,5203003,Mexico
510998,Marcos,Schaefer,Male,29/11/1983,5203004,Azerbaijan
533003,Giovanny,Fisher,Female,29/06/1986,5203004,Chile
557536,Ola,Thiel,Male,11/11/1983,5203004,Singapore
533712,Bria,Keebler,Female,08/08/1985,5203004,Singapore
518035,Arianna,Bernhard,Male,06/02/1986,5203003,Zambia
598898,Taya,Gutmann,Female,16/07/1983,5203001,Ethiopia
591189,Henriette,Willms,Female,23/04/1987,5203002,Eritrea
557516,Kacey,Hirthe,Female,06/11/1980,5203003,Montenegro
520103,Adrien,Wolf,Female,17/01/1988,5203001,Poland
508522,Lurline,Hoeger,Female,14/12/1983,5203003,Panama
519238,Greta,Marquardt,Male,30/05/1985,5203004,Singapore
580547,Emmie,Leffler,Female,24/06/1983,5203004,Uzbekistan
519359,Tia,Conroy,Female,25/08/1983,5203003,Monaco
544782,Kevon,Shields,Male,11/01/1984,5203001,Indonesia
564309,Erin,Kilback,Female,13/05/1984,5203001,Uzbekistan
578785,Caleigh,Cummerata,Female,04/01/1981,5203003,Ethiopia
513804,Blake,Huel,Female,17/06/1986,5203002,Ethiopia
528365,Ilene,Langosh,Male,24/08/1987,5203002,Chile
597163,Frankie,Schoen,Male,16/08/1987,5203003,Sweden
510706,Rasheed,Becker,Male,24/11/1982,5203003,Zambia
573553,Maida,Grady,Female,23/11/1986,5203001,Chile
545691,Justice,Toy,Male,29/07/1981,5203001,Mexico
585380,Brent,Goldner,Female,04/10/1986,5203004,Monaco
563332,Bettie,Keeling,Male,30/03/1987,5203002,Canada
519230,Lysanne,Gislason,Female,09/01/1985,5203001,Canada
521447,Adelbert,Considine,Male,16/03/1985,5203003,Austria
581940,Gerald,Weissnat,Male,20/09/1984,5203002,Canada
577474,Alexanne,Pouros,Female,13/06/1983,5203003,Greenland
579484,Brycen,Brown,Female,09/10/1985,5203001,Serbia
584761,Trevion,Goldner,Female,05/05/1984,5203002,Austria
573610,Victoria,Ward,Female,30/12/1981,5203002,Panama
590130,Freda,Parker,Male,05/12/1983,5203001,Azerbaijan
583554,Aditya,Labadie,Female,30/06/1985,5203003,Poland
513864,Oscar,Cronin,Male,03/11/1980,5203002,Serbia
584944,Desmond,Ondricka,Male,03/07/1981,5203001,Ethiopia
508204,Alva,Sawayn,Female,31/03/1983,5203001,Ethiopia
593729,Bria,Keebler,Male,28/03/1980,5203004,Monaco
551268,Blaise,Wunsch,Female,01/04/1982,5203003,Cuba
528128,Ressie,Kuhlman,Male,21/01/1984,5203003,Mexico
590287,Sigmund,Strosin,Male,21/04/1982,5203003,Cuba
581235,Victor,Roob,Male,21/01/1982,5203001,Greenland
519616,Rachel,Lueilwitz,Female,04/12/1987,5203002,Sweden
560624,Saige,Collier,Male,27/05/1987,5203001,Singapore
514750,Glenna,Sauer,Male,02/12/1981,5203004,Indonesia
515401,Darrel,Pacocha,Female,22/07/1980,5203004,Canada
523609,Blake,Huel,Male,03/09/1982,5203001,Uzbekistan
560601,Nola,Mraz,Male,21/07/1985,5203001,Azerbaijan
516513,Marisol,Hoeger,Female,28/03/1983,5203002,Panama
519098,Christop,Satterfield,Female,21/06/1981,5203001,Chile
554919,Sylvia,Kreiger,Female,07/06/1987,5203001,Cuba
521495,Bonita,Pollich,Male,16/11/1986,5203004,Eritrea
598144,Jammie,Hartmann,Male,16/12/1980,5203001,Uzbekistan
579099,Elouise,Yost,Female,28/11/1984,5203001,Chile
528283,Otilia,Kessler,Male,27/07/1984,5203001,Greenland
544250,Maggie,Beer,Male,14/01/1982,5203003,Chile
593945,Braxton,Kohler,Male,04/04/1982,5203001,Azerbaijan
567804,Cecile,Cruickshank,Female,02/04/1981,5203002,Canada
503342,Al,Reilly,Female,03/01/1986,5203003,Poland
503739,Cristobal,Gibson,Male,05/07/1985,5203003,Austria
549878,Anna,Gleichner,Female,04/06/1985,5203003,Chile
577166,Caitlyn,Balistreri,Female,19/01/1985,5203001,Indonesia
534270,Golden,McClure,Female,04/02/1985,5203003,Mexico
560093,Oswald,Boyle,Male,22/04/1985,5203003,Ethiopia
535922,Erling,Bahringer,Female,05/08/1986,5203004,Austria
560076,Jeanette,Balistreri,Male,14/01/1982,5203004,Nigeria
538812,Alisa,Carroll,Female,13/09/1980,5203003,China
560486,Alec,Wisoky,Male,20/01/1981,5203002,Montenegro
550451,Bradly,Johnston,Male,04/09/1986,5203003,Singapore
529436,Patrick,Vandervort,Female,07/12/1984,5203001,Montenegro
504350,Elvie,Kuhic,Male,01/01/1988,5203003,Serbia
500266,Fritz,Abernathy,Female,02/04/1987,5203002,Chile
527499,Alphonso,Kilback,Male,01/06/1983,5203003,Greenland
540883,Carlos,OHara,Female,28/08/1984,5203002,Nigeria
564371,Susana,McClure,Male,08/07/1982,5203001,Austria
571369,Javier,Robel,Female,11/06/1984,5203003,Montenegro
515795,Kirsten,Bruen,Female,18/12/1983,5203002,Ethiopia
540856,Danyka,Weissnat,Female,10/12/1981,5203001,Chile
512225,Mozell,Mills,Male,06/01/1984,5203004,Mexico
508832,Susie,Connelly,Male,29/08/1984,5203003,Cuba
597369,Selina,Pollich,Female,03/12/1985,5203002,Ethiopia
583706,Gordon,Halvorson,Male,20/06/1984,5203003,Cuba
592349,Milan,Beer,Male,19/10/1982,5203004,Monaco
566892,Casimer,Mueller,Female,27/09/1985,5203004,Ethiopia
548459,Jedidiah,Pfeffer,Male,23/11/1983,5203003,Austria
548970,Lazaro,Luettgen,Male,24/05/1983,5203004,Canada
556227,Jewel,OKeefe,Female,03/01/1983,5203002,Cuba
517608,Abigail,Oberbrunner,Male,27/03/1981,5203004,Poland
533364,Tatyana,Schaden,Male,28/05/1985,5203003,Monaco
505807,Axel,Denesik,Male,07/02/1984,5203001,Eritrea
538751,Annamarie,Howell,Female,03/07/1983,5203003,Serbia
583539,Ariel,Kling,Male,09/07/1985,5203002,Zambia
505252,Ayden,Smith,Male,27/08/1984,5203001,Zambia
570263,Delfina,Ortiz,Female,12/10/1985,5203001,Mexico
511086,Kyla,Shanahan,Male,10/04/1986,5203002,Canada
550394,Eladio,Kilback,Male,03/10/1982,5203001,Chile
514566,Elbert,Waters,Male,21/02/1983,5203003,Monaco
514409,Lera,Wintheiser,Male,06/10/1981,5203004,Eritrea
575046,Elisa,Schuster,Male,30/05/1983,5203004,Panama
550368,Yasmin,Waelchi,Female,09/03/1986,5203002,Singapore
555829,Johnathan,Daugherty,Male,29/12/1985,5203001,Bahrain
517973,Eloise,Strosin,Female,18/07/1982,5203002,Eritrea
549793,Alberto,Kub,Female,03/10/1984,5203001,Ethiopia
563628,Abdullah,Heller,Female,27/12/1984,5203002,Azerbaijan
507534,Gabriel,Koelpin,Female,01/04/1983,5203002,Austria
595235,Carlo,Mueller,Male,20/05/1982,5203001,Monaco
525889,Elouise,Barton,Female,09/12/1984,5203002,Sweden
521167,Kelton,Hagenes,Male,06/07/1985,5203001,Austria
548013,Vern,Mante,Female,21/11/1980,5203002,Nigeria
526533,Giovanna,Pollich,Male,29/05/1981,5203001,Singapore
515643,Damion,Dach,Female,03/06/1981,5203001,Nigeria
581784,Karianne,Kessler,Male,24/01/1985,5203001,Ethiopia
597778,Mylene,Bartell,Female,20/01/1984,5203001,Azerbaijan
564515,Price,Brakus,Female,31/07/1987,5203001,Eritrea
561577,Loyce,Farrell,Female,10/06/1984,5203003,Cuba
584212,Myriam,Marquardt,Female,13/03/1980,5203003,Nigeria
535460,Dax,Bergnaum,Female,11/06/1983,5203001,Serbia
576705,Garett,Wiegand,Female,29/01/1982,5203004,Canada
591151,Armand,Hoeger,Female,31/07/1987,5203002,Nigeria
552208,Wade,Lemke,Male,02/05/1982,5203002,Greenland
503267,Darrion,Schaden,Male,05/08/1983,5203002,Azerbaijan
582903,Brandi,Farrell,Female,23/02/1987,5203002,Eritrea
583640,Jazmyn,Hagenes,Female,18/09/1984,5203002,Azerbaijan
525993,Noelia,Treutel,Male,27/09/1981,5203001,India
554182,Alexie,Jaskolski,Female,21/05/1985,5203003,Montenegro
570437,Oliver,Kerluke,Male,02/07/1986,5203002,Sweden
554167,Sunny,Bogisich,Female,03/07/1986,5203003,Azerbaijan
582868,Garry,Conn,Male,02/02/1983,5203002,Bahrain
527839,Josefa,Runte,Male,21/06/1987,5203004,Montenegro
580579,Kacey,Robel,Female,24/07/1983,5203001,Bahrain
535805,Noe,Konopelski,Female,24/03/1983,5203003,Greenland
578498,Viva,Wiza,Female,09/12/1987,5203002,Zambia
572496,Abel,Moore,Male,12/01/1981,5203003,Mexico
545396,Josh,Kling,Female,06/03/1980,5203002,Bahrain
591178,Clifford,Hodkiewicz,Female,06/05/1987,5203004,Greenland
537586,Danny,White,Male,23/03/1987,5203003,Sweden
540167,Timmothy,Buckridge,Male,11/04/1985,5203002,Poland
583147,Telly,Reinger,Male,03/04/1982,5203001,Singapore
597714,Lacy,Paucek,Male,21/09/1986,5203003,Azerbaijan
568335,Edmond,Boehm,Male,21/11/1982,5203002,Monaco
548407,Margarett,Reinger,Male,23/07/1983,5203001,Panama
558578,Kelly,Graham,Male,13/08/1985,5203002,Bahrain
560625,Sheldon,Price,Male,20/12/1984,5203004,Serbia
525304,Arch,Ortiz,Female,24/01/1981,5203003,Zambia
537536,Colin,Feil,Female,02/05/1984,5203001,Poland
541018,Jennie,Stamm,Female,07/03/1981,5203004,Serbia
559855,Easter,Ryan,Male,08/01/1987,5203004,Azerbaijan
509037,Carole,Bode,Male,04/06/1980,5203004,Azerbaijan
568989,Ida,Monahan,Female,16/11/1984,5203002,Serbia